YEAR,MO,DY,pressure,windspeed,humidity,temp
2019,1,1,101.2,4.23,11.29,22.22
2019,1,2,101.17,4.19,12.27,22.74
2019,1,3,101.22,4.13,12.51,23.23
2019,1,4,101.16,4.31,12.51,23.08
2019,1,5,101.02,4.01,12.57,23.14
2019,1,6,100.9,3.64,12.7,23.08
2019,1,7,100.81,3.69,13.43,23.64
2019,1,8,100.84,3.35,12.7,23.01
2019,1,9,100.84,3.03,12.57,23.19
2019,1,10,100.84,3.86,13.18,23.54
2019,1,11,100.91,3.96,12.88,23.69
2019,1,12,100.91,4.47,12.63,23.22
2019,1,13,100.91,3.94,12.94,23.33
2019,1,14,100.84,4.12,13.06,23.33
2019,1,15,100.88,4.45,12.7,23.33
2019,1,16,100.91,4.11,13.67,23.8
2019,1,17,100.81,3.76,13.18,23.69
2019,1,18,100.82,3.86,12.88,23.51
2019,1,19,100.9,3.69,12.45,23.3
2019,1,20,100.99,3.8,12.33,23.27
2019,1,21,100.92,3.41,12.57,23.43
2019,1,22,100.9,2.92,12.88,23.68
2019,1,23,100.81,3.34,13.85,24.62
2019,1,24,100.85,3.13,14.28,25.04
2019,1,25,100.8,3.56,15.56,25.52
2019,1,26,100.81,3.91,15.44,25.84
2019,1,27,100.86,3.79,14.83,25.74
2019,1,28,100.92,3.8,14.04,24.94
2019,1,29,100.98,5.06,14.1,24.8
2019,1,30,101,5.12,13.61,24.45
2019,1,31,100.97,4.59,13.24,24.3
2019,2,1,100.93,4.17,13.18,24.54
2019,2,2,100.82,3.99,13.55,24.91
2019,2,3,100.92,4.23,13.98,25.22
2019,2,4,101.05,5.08,14.53,26.06
2019,2,5,101.02,4.61,14.16,25.87
2019,2,6,100.78,3.49,13.61,25.83
2019,2,7,100.74,3.15,13.92,26.15
2019,2,8,100.73,3.03,15.26,27
2019,2,9,100.75,3.01,15.93,27.52
2019,2,10,100.91,3.55,16.05,27
2019,2,11,100.99,5.28,15.69,26.82
2019,2,12,101.1,5.09,14.47,26.15
2019,2,13,101.14,4.7,14.47,25.76
2019,2,14,100.87,3.92,14.95,26.37
2019,2,15,100.84,3.05,14.65,26.73
2019,2,16,100.76,3.51,15.5,27.66
2019,2,17,100.6,3.19,15.93,28.67
2019,2,18,100.48,3.56,16.85,28.81
2019,2,19,100.65,3.98,16.54,28.37
2019,2,20,100.93,4.09,15.69,27.65
2019,2,21,101.07,3.94,14.71,27.19
2019,2,22,100.87,3.01,13.12,26.6
2019,2,23,100.67,2.88,12.33,26.77
2019,2,24,100.56,3.15,13.85,27.07
2019,2,25,100.46,4.14,14.16,27.19
2019,2,26,100.37,4.73,15.56,27.69
2019,2,27,100.28,5.23,16.42,28.58
2019,2,28,100.34,4.81,17.21,28.76
2019,3,1,100.45,4.41,17.03,28.61
2019,3,2,100.59,4.22,15.38,28.31
2019,3,3,100.5,3.58,15.08,28.48
2019,3,4,100.36,4.35,15.26,28.8
2019,3,5,100.23,4.93,15.44,29.9
2019,3,6,100.26,4.74,16.6,30.45
2019,3,7,100.26,5.7,17.82,30.33
2019,3,8,100.46,4.88,17.58,30.04
2019,3,9,100.62,4.21,16.78,29.98
2019,3,10,100.65,4.48,15.93,29.49
2019,3,11,100.75,4.05,15.38,29.22
2019,3,12,100.76,4.2,14.47,29.02
2019,3,13,100.8,3.51,13.55,28.72
2019,3,14,100.75,3.55,13.24,29.32
2019,3,15,100.74,3.59,13.18,28.91
2019,3,16,100.77,3.42,14.59,28.75
2019,3,17,100.74,3.43,14.04,28.48
2019,3,18,100.73,4.02,14.28,28.5
2019,3,19,100.5,4.38,14.83,29.05
2019,3,20,100.49,5.09,15.69,29.12
2019,3,21,100.6,4.37,13.98,28.86
2019,3,22,100.63,4.64,15.5,29.26
2019,3,23,100.54,4.01,15.44,29.98
2019,3,24,100.47,4.03,15.38,29.96
2019,3,25,100.49,3.41,14.89,29.89
2019,3,26,100.62,3.92,15.14,29.86
2019,3,27,100.72,3.51,13.98,29.62
2019,3,28,100.61,3.66,14.22,29.83
2019,3,29,100.41,3.97,15.01,30.16
2019,3,30,100.4,4.62,14.95,30.52
2019,3,31,100.39,4.64,15.87,30.95
2019,4,1,100.44,5.22,15.99,30.61
2019,4,2,100.42,5.19,16.72,30.11
2019,4,3,100.46,4.63,16.36,29.77
2019,4,4,100.59,4.7,16.66,30.01
2019,4,5,100.58,3.88,16.6,30.55
2019,4,6,100.5,4.16,15.69,30.44
2019,4,7,100.41,5,16.36,30.48
2019,4,8,100.31,5.33,17.58,30.76
2019,4,9,100.36,4.9,18.25,30.81
2019,4,10,100.42,4.43,17.4,30.87
2019,4,11,100.34,4.29,16.72,30.69
2019,4,12,100.29,4.12,16.36,31.01
2019,4,13,100.34,4.26,16.3,30.89
2019,4,14,100.36,4.1,15.2,31.33
2019,4,15,100.37,4.32,15.01,30.87
2019,4,16,100.34,4.51,16.05,30.91
2019,4,17,100.36,4.7,16.6,31.76
2019,4,18,100.33,4.38,18.37,31.63
2019,4,19,100.25,4.72,18.49,31.33
2019,4,20,100.13,4.02,17.88,31.77
2019,4,21,100.05,4.68,17.58,31.93
2019,4,22,100.08,3.98,17.27,31.91
2019,4,23,100.22,3.49,15.87,31.79
2019,4,24,100.31,3.15,14.77,31.91
2019,4,25,100.3,3.21,15.44,31.89
2019,4,26,100.16,4.05,16.91,31.99
2019,4,27,100.15,4.71,18.25,31.94
2019,4,28,100.13,4.2,18.13,31.8
2019,4,29,100.12,4.08,18.49,31.91
2019,4,30,99.91,3.22,17.52,33.1
2019,5,1,99.87,3.39,18.01,31.61
2019,5,2,99.71,4.67,16.85,33.51
2019,5,3,99.88,4.71,15.99,33.98
2019,5,4,100.17,3.66,17.03,32.8
2019,5,5,100.25,4.59,17.94,32.91
2019,5,6,100.15,5.24,18.8,32.32
2019,5,7,100.06,5.6,19.35,31.97
2019,5,8,100.13,6.36,18.01,30.98
2019,5,9,99.97,5.38,17.21,32.92
2019,5,10,100.02,5.17,19.29,32.11
2019,5,11,100.2,5.23,19.41,31.21
2019,5,12,100.15,5.05,19.23,31.4
2019,5,13,100.08,4.62,19.23,31.26
2019,5,14,100.04,3.73,19.17,31.77
2019,5,15,100.13,3.87,18.98,31.58
2019,5,16,100.22,4.13,19.9,31.08
2019,5,17,100.18,4.31,19.78,31.7
2019,5,18,100.09,4.55,19.35,31.81
2019,5,19,100.1,5.18,18.49,32.13
2019,5,20,100.21,5.15,18.31,31.57
2019,5,21,100.23,5.25,19.1,30.18
2019,5,22,100.16,4.81,19.47,30.47
2019,5,23,100.12,5.5,19.47,31.4
2019,5,24,100.14,5.04,19.9,31.49
2019,5,25,99.97,3.97,19.59,32.04
2019,5,26,99.82,4.91,18.74,33.8
2019,5,27,99.88,4.65,19.59,32.48
2019,5,28,99.87,5.2,20.2,31.77
2019,5,29,99.81,4.21,19.53,32.36
2019,5,30,99.81,3.93,19.35,32.23
2019,5,31,99.85,4.61,19.04,32.4
2019,6,1,99.92,4.34,17.33,32.74
2019,6,2,99.85,3.88,19.65,32.69
2019,6,3,99.94,3.28,19.47,31.49
2019,6,4,99.89,3.01,19.59,31.12
2019,6,5,99.86,4.01,20.51,30.73
2019,6,6,99.89,4.8,20.26,30.37
2019,6,7,99.92,4.4,20.51,30.85
2019,6,8,99.9,4.48,19.53,31.64
2019,6,9,99.82,6.33,17.64,32.64
2019,6,10,99.87,6.84,16.97,31.6
2019,6,11,99.86,5.8,16.54,32.54
2019,6,12,99.88,6.23,16.48,33.42
2019,6,13,99.97,4.34,16.36,32.95
2019,6,14,99.91,5.88,15.38,33.4
2019,6,15,99.92,4.59,15.44,33.73
2019,6,16,99.96,4.45,16.72,33.3
2019,6,17,99.99,4.48,16.36,33.28
2019,6,18,99.92,4.09,16.97,32.68
2019,6,19,99.81,4.95,16.97,32.92
2019,6,20,99.84,3.75,16.6,33.26
2019,6,21,99.83,2.19,18.19,31.5
2019,6,22,99.75,2.58,18.01,31.63
2019,6,23,99.74,2.87,18.68,29.76
2019,6,24,99.83,2.73,18.74,30.3
2019,6,25,100.01,3.66,18.92,30.05
2019,6,26,100.06,3.56,18.55,29.87
2019,6,27,99.88,3.78,18.86,30.62
2019,6,28,99.89,3.43,18.68,30.53
2019,6,29,99.84,4.09,18.31,31.44
2019,6,30,99.82,4.5,17.52,31.41
2019,7,1,99.74,4.3,18.25,31.94
2019,7,2,99.76,4.38,18.13,31.58
2019,7,3,99.88,4.59,17.82,31.23
2019,7,4,99.84,6.11,17.15,31.51
2019,7,5,99.79,5.4,17.21,31.36
2019,7,6,99.84,5.73,16.6,31.44
2019,7,7,99.89,5.82,15.69,32.05
2019,7,8,99.98,4.71,15.93,32.36
2019,7,9,100,4.75,16.48,31.51
2019,7,10,100.09,4.98,18.43,28.89
2019,7,11,100.24,3.62,17.46,29.26
2019,7,12,100.25,3.86,16.97,29.69
2019,7,13,100.24,3.44,18.62,29.97
2019,7,14,100.24,3.31,18.31,28.47
2019,7,15,100.06,3.52,17.58,28.63
2019,7,16,99.99,3.02,18.19,29.76
2019,7,17,99.85,3.24,17.52,30.18
2019,7,18,99.72,3.57,17.94,28.82
2019,7,19,99.63,3.52,18.13,28.42
2019,7,20,99.66,3.23,18.55,29.49
2019,7,21,99.74,3.48,18.68,29.62
2019,7,22,99.8,4.16,18.86,27.69
2019,7,23,99.84,3.17,17.94,29.38
2019,7,24,99.94,3.21,18.62,30.23
2019,7,25,100.07,3.2,18.68,29.14
2019,7,26,100.06,3.38,18.37,28.76
2019,7,27,100.03,3.43,17.82,28.94
2019,7,28,99.97,2.82,17.76,28.96
2019,7,29,99.98,4.32,18.62,29.02
2019,7,30,100.1,3.88,17.76,29.22
2019,7,31,100.13,3.95,17.03,29.56
2019,8,1,100.11,3.93,18.01,29.52
2019,8,2,100.07,4.09,18.19,29.68
2019,8,3,100.09,5.41,16.78,30.21
2019,8,4,99.99,5.29,15.26,30.23
2019,8,5,100.01,6.66,16.3,28.68
2019,8,6,99.86,6.52,16.11,28.9
2019,8,7,99.79,6.82,16.6,29.17
2019,8,8,99.71,6.91,17.46,30.05
2019,8,9,99.87,6.59,17.33,29.9
2019,8,10,99.91,4.97,16.54,30.21
2019,8,11,99.87,3.96,17.03,30.33
2019,8,12,99.86,3.09,17.09,29.91
2019,8,13,99.93,3.54,18.13,29.81
2019,8,14,100.02,3.91,18.55,29.87
2019,8,15,100.13,3.65,18.62,29.44
2019,8,16,100.09,3.18,18.86,28.71
2019,8,17,100,2.96,19.59,27.94
2019,8,18,100.16,1.97,19.41,27.24
2019,8,19,100.21,3.02,19.41,27.87
2019,8,20,100.12,2.87,20.14,28.63
2019,8,21,100.06,3.41,19.65,26.85
2019,8,22,100.08,4.8,18.07,26.23
2019,8,23,100.1,3.9,18.55,27.5
2019,8,24,100.12,4.62,18.37,27.65
2019,8,25,100.06,4.88,18.43,27.94
2019,8,26,100.06,5.17,18.19,28.19
2019,8,27,100.04,4.02,18.13,27.71
2019,8,28,100.05,3.42,18.37,28.12
2019,8,29,100.06,4.55,18.74,27.81
2019,8,30,99.91,3.63,18.8,27.8
2019,8,31,99.79,3.89,18.8,27.78
2019,9,1,100,4.05,18.43,27.61
2019,9,2,100.1,4.22,18.43,27.31
2019,9,3,100.01,4.72,18.74,27.83
2019,9,4,99.95,4.98,18.19,27.44
2019,9,5,99.9,5.07,18.13,28.08
2019,9,6,99.89,5.44,18.92,28.62
2019,9,7,99.95,5.41,18.86,28.74
2019,9,8,100.07,4.84,18.62,28.93
2019,9,9,100.04,4.34,18.31,28.07
2019,9,10,100.06,4.34,19.59,28.57
2019,9,11,100.19,3.82,20.02,28.02
2019,9,12,100.32,4.02,19.71,27.29
2019,9,13,100.42,3.55,19.47,27.19
2019,9,14,100.29,3.8,19.59,28.11
2019,9,15,100.23,3.62,19.35,28.04
2019,9,16,100.09,3.88,18.8,28.15
2019,9,17,100.05,3.14,19.1,27.3
2019,9,18,100.08,2.73,19.29,26.97
2019,9,19,100.12,4.38,20.02,27.43
2019,9,20,100.24,2.29,18.92,26.83
2019,9,21,100.16,2.95,19.78,27.77
2019,9,22,100.18,2.29,20.08,27.62
2019,9,23,100.19,2.34,20.08,27.7
2019,9,24,100.16,3.89,19.9,27.51
2019,9,25,100.36,5.45,19.65,26.88
2019,9,26,100.65,4.82,19.47,27.21
2019,9,27,100.76,2.7,19.35,27.44
2019,9,28,100.65,2.52,18.49,27.62
2019,9,29,100.7,3.11,17.52,27.39
2019,9,30,100.64,2.91,17.33,27
2019,10,1,100.57,2.81,17.82,27.3
2019,10,2,100.54,3.16,19.47,27.44
2019,10,3,100.49,3.02,19.17,27.94
2019,10,4,100.42,3.05,19.1,27.79
2019,10,5,100.37,3.3,19.1,27.6
2019,10,6,100.43,3.4,19.04,27.3
2019,10,7,100.44,2.91,19.17,27.62
2019,10,8,100.38,2.98,19.35,27.86
2019,10,9,100.35,3.48,19.17,27.93
2019,10,10,100.39,3.39,18.92,27.9
2019,10,11,100.4,3.04,19.1,27.67
2019,10,12,100.42,2.08,19.1,27.34
2019,10,13,100.47,2.27,19.29,27.76
2019,10,14,100.47,2.09,19.29,27.98
2019,10,15,100.44,3.3,19.96,27.6
2019,10,16,100.48,2.82,18.55,27.26
2019,10,17,100.51,2.28,18.43,26.58
2019,10,18,100.5,1.88,18.55,27.03
2019,10,19,100.55,2.7,18.92,26.5
2019,10,20,100.54,3.22,18.86,26.45
2019,10,21,100.41,3.16,18.49,26.51
2019,10,22,100.21,2.27,18.92,26.62
2019,10,23,100.17,2.48,18.68,26.82
2019,10,24,100.28,3.3,18.37,26.65
2019,10,25,100.42,3.27,17.94,25.85
2019,10,26,100.49,2.64,18.68,26.31
2019,10,27,100.51,2.02,18.07,26.48
2019,10,28,100.54,3.17,19.1,26.7
2019,10,29,100.59,3.42,18.25,26.44
2019,10,30,100.57,3.62,18.25,26.3
2019,10,31,100.53,2.93,18.37,26.54
2019,11,1,100.5,2.38,18.49,26.89
2019,11,2,100.57,2.02,18.55,26.88
2019,11,3,100.66,2.8,18.62,26.62
2019,11,4,100.69,2.66,17.27,27.15
2019,11,5,100.49,2.79,17.88,27.01
2019,11,6,100.35,2.46,17.52,26.96
2019,11,7,100.31,1.84,17.58,26.98
2019,11,8,100.36,1.95,18.55,27.15
2019,11,9,100.37,1.62,18.62,27.71
2019,11,10,100.41,2.47,17.09,27.05
2019,11,11,100.44,3.34,17.27,26.41
2019,11,12,100.58,3.81,17.76,26.63
2019,11,13,100.66,4.68,17.7,26.55
2019,11,14,100.62,3.78,18.62,26.72
2019,11,15,100.59,3.38,18.8,26.61
2019,11,16,100.59,3.96,18.31,26.67
2019,11,17,100.59,5.06,18.31,26.39
2019,11,18,100.59,3.63,18.86,27.08
2019,11,19,100.55,2,18.19,27.16
2019,11,20,100.52,3.22,19.23,26.58
2019,11,21,100.63,5.23,18.37,26.7
2019,11,22,100.75,5.28,16.97,26.01
2019,11,23,100.76,5.27,17.03,25.4
2019,11,24,100.71,4.5,17.21,25.87
2019,11,25,100.68,5.12,17.09,25.93
2019,11,26,100.62,4.9,16.91,25.9
2019,11,27,100.55,5.09,18.07,26.58
2019,11,28,100.59,5.12,19.29,26.84
2019,11,29,100.61,5.85,18.55,26.54
2019,11,30,100.58,5.3,19.29,26.62
2019,12,1,100.62,4.33,19.53,26.12
2019,12,2,100.68,4.37,18.49,26.26
2019,12,3,100.7,4.98,17.52,26.14
2019,12,4,100.81,5.46,16.85,25.94
2019,12,5,100.93,5.84,15.75,25.16
2019,12,6,100.89,5.55,15.56,24.7
2019,12,7,100.79,5.11,17.21,25.57
2019,12,8,100.86,4.52,16.3,25.23
2019,12,9,100.85,4.52,15.32,25.07
2019,12,10,100.73,4.14,15.5,24.73
2019,12,11,100.61,3.93,15.26,24.66
2019,12,12,100.65,3.79,15.99,25
2019,12,13,100.74,3.62,16.85,25.37
2019,12,14,100.88,4.6,17.15,25.58
2019,12,15,100.8,4.08,16.24,25.04
2019,12,16,100.76,4.36,17.03,25.31
2019,12,17,100.84,5.45,16.17,25.21
2019,12,18,100.86,4.88,16.54,25.37
2019,12,19,100.79,4.77,16.3,25.25
2019,12,20,100.73,4.03,16.05,25.04
2019,12,21,100.74,3.7,15.93,24.62
2019,12,22,100.77,3.68,15.14,24.51
2019,12,23,100.74,3.7,14.71,24.53
2019,12,24,100.8,4.36,16.36,24.94
2019,12,25,100.79,4.18,16.11,25.02
2019,12,26,100.74,2.88,15.26,24.58
2019,12,27,100.63,2.55,14.71,24.51
2019,12,28,100.7,3.41,15.32,24.9
2019,12,29,100.76,4.19,15.75,24.8
2019,12,30,100.77,3.97,16.24,24.76
2019,12,31,100.81,4.01,16.48,25.26
2020,1,1,100.81,3.3,17.58,25.75
2020,1,2,100.91,2.68,17.64,25.68
2020,1,3,100.8,2.13,17.46,26.12
2020,1,4,100.62,2.42,17.88,26.09
2020,1,5,100.65,3.11,17.58,26.12
2020,1,6,100.86,3.97,16.78,25.6
2020,1,7,100.85,4.15,16.48,25.32
2020,1,8,100.8,3.8,15.2,24.46
2020,1,9,100.77,2.66,13.98,24.32
2020,1,10,100.82,3.88,14.16,23.83
2020,1,11,100.9,4.04,14.22,23.77
2020,1,12,100.8,3.86,15.32,24.15
2020,1,13,100.67,3.17,13.31,23.81
2020,1,14,100.68,2.97,12.39,23.1
2020,1,15,100.73,2.92,12.76,23.67
2020,1,16,100.71,2.4,12.88,25
2020,1,17,100.72,3.48,16.17,24.87
2020,1,18,100.71,4.23,16.66,25.37
2020,1,19,100.76,3.7,15.87,25.21
2020,1,20,100.86,3.61,14.65,24.69
2020,1,21,100.96,4.18,14.28,24.17
2020,1,22,100.99,4.59,15.2,24.66
2020,1,23,100.91,4.02,15.08,24.63
2020,1,24,100.9,3.66,13.37,23.57
2020,1,25,100.89,2.6,12.27,23.34
2020,1,26,100.76,2.11,13.12,24.37
2020,1,27,100.7,2.87,14.34,24.46
2020,1,28,100.72,3.86,15.38,25.06
2020,1,29,100.79,3.39,15.08,25.48
2020,1,30,100.72,3.05,14.83,25.25
2020,1,31,100.66,3,15.26,25.4
2020,2,1,100.72,3.45,15.75,25.84
2020,2,2,100.93,4,14.34,25.52
2020,2,3,100.94,3.7,14.04,25.34
2020,2,4,100.78,3.59,13.92,25.5
2020,2,5,100.8,3.62,13.12,25.55
2020,2,6,100.8,3.78,13.49,25.37
2020,2,7,100.81,4.2,14.34,25.77
2020,2,8,100.82,3.98,14.34,26.01
2020,2,9,100.89,4.24,15.08,26.15
2020,2,10,100.89,4.59,14.34,25.87
2020,2,11,100.94,4.83,14.04,25.98
2020,2,12,101.06,4.87,14.22,25.69
2020,2,13,100.94,4.18,13.79,25.6
2020,2,14,100.71,2.73,13.31,25.48
2020,2,15,100.7,2.81,11.6,25.55
2020,2,16,100.87,3.52,12.33,25.18
2020,2,17,100.94,3.13,12.02,25.22
2020,2,18,100.89,3.29,13,25.46
2020,2,19,100.86,3.19,13.49,25.18
2020,2,20,100.84,3.46,13.06,25.17
2020,2,21,100.97,4.22,13.79,25.48
2020,2,22,101.06,4.91,15.32,26.36
2020,2,23,100.95,4.24,15.14,26.33
2020,2,24,100.72,3.65,14.89,26.75
2020,2,25,100.58,3.7,15.5,27.37
2020,2,26,100.62,3.38,15.99,27.49
2020,2,27,100.66,3.64,15.62,27.34
2020,2,28,100.59,3.65,15.5,27.32
2020,2,29,100.56,3.48,15.14,27.18
2020,3,1,100.6,3.5,14.71,27.42
2020,3,2,100.61,3.09,14.1,27.51
2020,3,3,100.57,2.67,13.85,28.44
2020,3,4,100.5,3.61,14.53,28.43
2020,3,5,100.44,4.66,15.44,28.26
2020,3,6,100.52,4.59,16.11,27.9
2020,3,7,100.67,4.44,15.75,28.05
2020,3,8,100.62,3.59,16.11,28.34
2020,3,9,100.52,3.7,15.44,28.12
2020,3,10,100.52,3.84,14.95,28.28
2020,3,11,100.55,3.64,14.53,27.74
2020,3,12,100.66,3.7,14.34,27.93
2020,3,13,100.68,3.45,15.14,28.15
2020,3,14,100.58,3.71,15.93,28.23
2020,3,15,100.56,3.93,15.62,28.11
2020,3,16,100.65,3.52,15.38,29.03
2020,3,17,100.79,3.46,15.14,28.86
2020,3,18,100.7,3.23,15.08,29.21
2020,3,19,100.56,3.54,15.5,29.64
2020,3,20,100.54,4.12,15.08,29.64
2020,3,21,100.53,4.8,15.2,30.01
2020,3,22,100.52,3.83,15.14,30.02
2020,3,23,100.52,3.8,15.32,29.27
2020,3,24,100.38,3.46,14.59,29.36
2020,3,25,100.39,3.69,14.89,29.48
2020,3,26,100.45,3.76,15.01,29.34
2020,3,27,100.65,3.26,13.92,29.15
2020,3,28,100.52,2.62,12.63,29.25
2020,3,29,100.4,3.48,13.67,29.57
2020,3,30,100.47,3.26,13.12,29.6
2020,3,31,100.52,2.99,14.1,29.99
2020,4,1,100.45,3.44,15.38,30.36
2020,4,2,100.34,4.23,16.11,30.53
2020,4,3,100.45,4.27,16.24,29.97
2020,4,4,100.54,3.91,15.99,29.67
2020,4,5,100.58,4.27,17.76,30.52
2020,4,6,100.53,4.16,18.19,30.77
2020,4,7,100.42,4.47,17.76,30.78
2020,4,8,100.45,4.31,17.27,31.18
2020,4,9,100.49,4.09,17.27,30.42
2020,4,10,100.57,3.45,16.42,29.74
2020,4,11,100.67,3.16,16.72,29.83
2020,4,12,100.58,2.82,15.75,29.96
2020,4,13,100.42,3.09,15.26,30.6
2020,4,14,100.48,3.45,15.08,30.08
2020,4,15,100.56,3.29,15.38,30.11
2020,4,16,100.44,4.33,16.97,30.12
2020,4,17,100.37,4.72,17.21,30.66
2020,4,18,100.41,4.91,17.27,30.95
2020,4,19,100.39,4.44,17.7,31.05
2020,4,20,100.4,4.02,16.72,30.84
2020,4,21,100.4,3.87,16.48,31.01
2020,4,22,100.32,4.65,17.21,31.26
2020,4,23,100.26,4.94,18.43,31.73
2020,4,24,100.24,5.84,18.49,31.91
2020,4,25,100.21,5.07,19.96,31.27
2020,4,26,100.33,4.8,20.2,30.06
2020,4,27,100.44,2.27,19.84,29.6
2020,4,28,100.36,2.59,18.55,30.16
2020,4,29,100.3,2.55,18.68,30.68
2020,4,30,100.38,2.98,19.17,30.45
2020,5,1,100.28,3.33,18.92,30.7
2020,5,2,100.15,3.63,18.55,31.19
2020,5,3,100.15,3.79,18.49,31.15
2020,5,4,100.25,3.76,19.1,31.33
2020,5,5,100.24,4.23,18.62,31.66
2020,5,6,100.22,4.7,19.23,31.22
2020,5,7,100.26,4.41,19.17,31.83
2020,5,8,100.23,4.29,18.92,32.15
2020,5,9,100.27,4.22,18.68,32.08
2020,5,10,100.28,4.03,17.7,32.15
2020,5,11,100.31,3.33,18.62,30.97
2020,5,12,100.31,2.83,19.1,28.89
2020,5,13,100.19,2.64,16.6,29.94
2020,5,14,100.1,2.98,18.98,30.44
2020,5,15,99.95,3.53,19.41,30.21
2020,5,16,99.82,3.9,19.9,29.74
2020,5,17,99.7,3.26,18.74,29.73
2020,5,18,99.53,3.15,19.47,30.92
2020,5,19,99.36,4.21,17.7,32.91
2020,5,20,99.49,5.21,17.58,33.12
2020,5,21,99.71,5.7,17.46,32.81
2020,5,22,99.78,4.67,17.82,32.61
2020,5,23,99.91,4.09,20.2,31.38
2020,5,24,100.01,3.52,21.12,30.78
2020,5,25,100.13,4.12,21.42,30.44
2020,5,26,100.13,3.91,21.18,30.69
2020,5,27,100.02,3.94,21.12,31.48
2020,5,28,99.88,3.66,21.12,32.01
2020,5,29,99.95,4.37,19.65,31.45
2020,5,30,100.06,4.38,19.41,30.99
2020,5,31,100.19,4.49,19.84,29.82
2020,6,1,100.23,4,19.84,30.49
2020,6,2,100.17,4.78,18.86,29.94
2020,6,3,100.13,4.67,18.01,30.17
2020,6,4,100.1,3.56,17.88,31.08
2020,6,5,100.08,2.84,18.37,31.12
2020,6,6,100.06,4.45,18.13,30.13
2020,6,7,99.97,4.44,17.09,30.4
2020,6,8,99.92,3.91,17.09,31.52
2020,6,9,99.92,2.55,17.03,31.42
2020,6,10,99.84,3.29,17.03,30.19
2020,6,11,99.67,4.75,17.58,29.19
2020,6,12,99.64,5.1,16.85,30.64
2020,6,13,99.7,4.75,15.75,32.14
2020,6,14,99.82,5.62,15.38,32.01
2020,6,15,99.81,4.66,17.33,31.68
2020,6,16,99.74,5.08,18.49,31.37
2020,6,17,99.77,3.69,18.07,32.06
2020,6,18,99.91,2.23,16.54,32.52
2020,6,19,99.98,2.92,16.48,31.97
2020,6,20,99.95,3.12,17.15,31.41
2020,6,21,99.85,3.21,16.6,30.91
2020,6,22,99.75,3.22,17.76,31.44
2020,6,23,99.91,3.7,17.27,30.45
2020,6,24,99.96,3.16,18.25,30.04
2020,6,25,99.9,3.04,18.37,29.48
2020,6,26,99.84,4.48,18.31,30.1
2020,6,27,99.84,2.96,19.29,30.51
2020,6,28,99.84,3,19.84,29.62
2020,6,29,99.78,2.95,19.35,28.65
2020,6,30,99.76,3.18,18.92,29.55
2020,7,1,99.86,3.6,19.35,29.17
2020,7,2,99.9,3.96,17.58,29.11
2020,7,3,99.86,5.27,17.82,29.42
2020,7,4,99.8,6.01,17.82,29.73
2020,7,5,99.86,5.32,17.33,29.33
2020,7,6,99.82,3.7,18.01,29.76
2020,7,7,99.92,4.27,18.31,30.27
2020,7,8,100.09,2.92,18.31,28.52
2020,7,9,100.02,3.42,18.92,27.39
2020,7,10,100.05,3.56,18.74,28.71
2020,7,11,100.06,3.84,18.49,27.55
2020,7,12,99.92,3.01,19.41,29.11
2020,7,13,99.88,2.56,19.96,28.33
2020,7,14,99.89,3.66,19.59,27.61
2020,7,15,99.82,4.53,19.41,27.66
2020,7,16,99.81,3.46,18.98,27.47
2020,7,17,99.8,4.12,18.8,28.44
2020,7,18,99.96,2.6,18.55,27.95
2020,7,19,99.99,3.31,19.53,28.24
2020,7,20,99.92,4.55,20.02,28.09
2020,7,21,100,3.78,19.41,28.22
2020,7,22,100.08,4.48,19.96,28.26
2020,7,23,100.03,4.04,19.29,27.67
2020,7,24,100.06,3.59,19.84,27.87
2020,7,25,100.14,2.83,18.49,28.44
2020,7,26,100.23,2.48,18.31,28.69
2020,7,27,100.06,2.81,18.37,28.77
2020,7,28,99.91,2.57,19.1,27.8
2020,7,29,99.84,1.88,19.53,28
2020,7,30,99.89,2.84,19.29,28.23
2020,7,31,99.84,4.16,19.96,28.72
2020,8,1,99.89,3.38,19.71,27.76
2020,8,2,99.86,4.4,19.23,27.19
2020,8,3,99.76,4.97,19.17,27.44
2020,8,4,99.64,6.05,17.82,27.54
2020,8,5,99.49,7.4,17.58,28.07
2020,8,6,99.65,5.45,19.41,28.65
2020,8,7,99.9,3.8,20.02,29.01
2020,8,8,99.93,3.84,19.35,28.75
2020,8,9,99.89,4.25,18.86,27.45
2020,8,10,99.94,3.85,18.74,27.97
2020,8,11,100.03,3.91,19.17,28.79
2020,8,12,100.12,3.48,18.8,28.55
2020,8,13,99.95,3.46,18.92,28.66
2020,8,14,99.85,2.93,18.92,28.82
2020,8,15,99.9,4.19,18.49,28.37
2020,8,16,99.94,3.38,18.86,28.94
2020,8,17,99.91,3.58,19.47,29.04
2020,8,18,99.94,2.62,19.84,29.39
2020,8,19,99.82,3.31,19.65,29.18
2020,8,20,99.84,3.35,19.53,28.9
2020,8,21,100.06,3.38,19.23,28.69
2020,8,22,100.16,2.8,19.71,28.39
2020,8,23,100.16,2.7,19.71,28.05
2020,8,24,100.2,2.56,19.78,27.68
2020,8,25,100.24,2.17,19.71,27.97
2020,8,26,100.22,2.23,20.02,27.99
2020,8,27,100.11,2.5,19.41,27.98
2020,8,28,99.99,2.8,18.98,28.93
2020,8,29,100,2.37,20.02,28.62
2020,8,30,100.06,2.52,20.14,28.37
2020,8,31,100.12,2.63,19.96,28.39
2020,9,1,100.08,1.66,19.9,27.26
2020,9,2,100.1,1.95,18.37,27.87
2020,9,3,100.14,2.44,18.74,27.58
2020,9,4,100.08,2.16,19.17,28.15
2020,9,5,100.04,2.12,19.17,28.08
2020,9,6,100,2.6,19.41,28.16
2020,9,7,100.04,2.51,19.84,28.31
2020,9,8,100.08,3.02,19.59,28.53
2020,9,9,99.98,3.97,20.14,28.46
2020,9,10,99.84,4.54,19.23,27.75
2020,9,11,99.89,4.95,19.04,27.61
2020,9,12,100.15,3.8,18.68,27.5
2020,9,13,100.15,4.29,17.7,26.59
2020,9,14,99.99,4.75,17.88,26.9
2020,9,15,99.99,3.47,18.25,27.54
2020,9,16,100.02,3.74,19.35,27.8
2020,9,17,100.04,3.27,18.98,28.27
2020,9,18,99.89,3.72,19.47,28.46
2020,9,19,99.7,4.76,19.04,26.81
2020,9,20,99.67,5.12,18.31,26.34
2020,9,21,99.77,5.04,17.88,27.02
2020,9,22,99.91,5.96,17.09,27.35
2020,9,23,100.05,4.42,16.85,27.53
2020,9,24,100.22,3.3,18.49,28.1
2020,9,25,100.22,4.99,19.65,27.35
2020,9,26,100.19,3.99,18.31,26.83
2020,9,27,100.23,2.02,17.94,27.98
2020,9,28,100.16,2.92,19.1,28.29
2020,9,29,100.03,2.16,19.41,27.65
2020,9,30,99.97,2.64,19.1,27.06
2020,10,1,99.99,3.58,18.31,27.72
2020,10,2,100,2.91,18.25,28.25
2020,10,3,100.01,3.59,19.47,28.17
2020,10,4,100.13,5.09,18.49,27.44
2020,10,5,100.05,4.43,17.7,27.9
2020,10,6,100.05,2.8,18.07,28.37
2020,10,7,100.09,3.12,19.71,28.94
2020,10,8,100.12,2.03,19.96,28.4
2020,10,9,100.16,2.96,19.9,27.74
2020,10,10,100.11,2.09,18.8,27.09
2020,10,11,99.91,3.31,18.68,26.83
2020,10,12,99.73,2.71,18.92,27.19
2020,10,13,99.57,4.95,19.1,27.26
2020,10,14,99.74,5.15,18.31,27.86
2020,10,15,99.86,3.88,17.76,27.24
2020,10,16,99.88,2.55,18.8,28.32
2020,10,17,99.99,1.84,20.2,27.51
2020,10,18,100.08,1.8,18.25,27.26
2020,10,19,100.03,1.72,18.8,27.29
2020,10,20,99.96,2.37,18.8,27.25
2020,10,21,100.05,3.43,17.88,26.55
2020,10,22,100,1.02,18.13,27.51
2020,10,23,100.06,1.51,19.53,27.23
2020,10,24,100.2,2.42,19.23,27.35
2020,10,25,100.36,1.58,18.74,27.42
2020,10,26,100.42,2.75,18.37,27.23
2020,10,27,100.38,3.51,18.01,26.88
2020,10,28,100.44,4.38,18.01,26.49
2020,10,29,100.47,4.34,18.13,26.02
2020,10,30,100.42,3.95,16.6,26.73
2020,10,31,100.42,2.8,16.6,26.9
2020,11,1,100.48,2.5,17.21,27.05
2020,11,2,100.57,2.41,18.07,27.32
2020,11,3,100.55,3.03,18.74,27.52
2020,11,4,100.52,2.73,19.29,26.9
2020,11,5,100.57,2.65,19.1,27.28
2020,11,6,100.68,2.71,19.04,26.73
2020,11,7,100.73,3.8,18.98,27.31
2020,11,8,100.78,5.43,18.13,27.24
2020,11,9,100.66,5.43,16.05,26.12
2020,11,10,100.49,5.28,15.38,25.39
2020,11,11,100.42,5.66,18.19,25.73
2020,11,12,100.54,3.76,19.59,26.55
2020,11,13,100.54,4.71,19.17,27.01
2020,11,14,100.45,5.47,18.62,26.96
2020,11,15,100.4,4.85,20.2,26.95
2020,11,16,100.54,3.81,18.98,26
2020,11,17,100.48,3.41,18.86,26.34
2020,11,18,100.53,2.88,18.68,26.55
2020,11,19,100.56,3.3,18.07,26.23
2020,11,20,100.64,3.22,16.85,26.02
2020,11,21,100.68,3.07,15.5,24.86
2020,11,22,100.72,2.87,15.01,24.69
2020,11,23,100.64,5.09,16.48,25.55
2020,11,24,100.45,7.06,18.49,25.98
2020,11,25,100.19,9.51,18.49,25.8
2020,11,26,99.83,11.27,19.1,26.17
2020,11,27,100.36,5.34,17.7,25.28
2020,11,28,100.74,3.45,17.88,25.83
2020,11,29,100.75,4.33,18.07,25.5
2020,11,30,100.74,5.4,17.33,25.73
2020,12,1,100.76,5.73,16.17,25.43
2020,12,2,100.55,7.49,17.7,25.41
2020,12,3,100.39,5.59,19.41,25.92
2020,12,4,100.36,5.57,18.86,25.48
2020,12,5,100.42,5.16,18.62,25.3
2020,12,6,100.58,4.81,18.49,25.37
2020,12,7,100.75,4.44,18.62,25.8
2020,12,8,100.82,3.66,18.37,25.75
2020,12,9,100.75,4.06,17.03,25.23
2020,12,10,100.77,3.14,14.89,24.3
2020,12,11,100.77,3.32,14.34,24.24
2020,12,12,100.72,3.31,14.22,24.55
2020,12,13,100.63,2.99,13.85,24.63
2020,12,14,100.65,3.09,13.85,24.75
2020,12,15,100.74,4.61,15.62,24.65
2020,12,16,100.76,5.38,17.21,25.22
2020,12,17,100.74,5.15,17.27,25.17
2020,12,18,100.75,5.09,16.36,25.05
2020,12,19,100.83,5.42,16.24,24.87
2020,12,20,100.9,5.23,14.89,24.21
2020,12,21,100.79,4.72,13.85,23.32
2020,12,22,100.72,4.18,13.73,23.11
2020,12,23,100.66,3.73,14.04,23.34
2020,12,24,100.59,3.73,14.4,23.48
2020,12,25,100.67,3.79,13.73,23.57
2020,12,26,100.73,4.05,13.61,23.53
2020,12,27,100.66,4.51,14.22,23.74
2020,12,28,100.63,4.39,13.98,23.55
2020,12,29,100.6,4.77,15.38,24.19
2020,12,30,100.59,5.34,16.54,24.81
2020,12,31,100.68,5.54,16.42,24.62
2021,1,1,100.76,4.6,14.65,23.66
2021,1,2,100.69,5.27,15.99,24.05
2021,1,3,100.58,4.97,16.36,24.62
2021,1,4,100.59,4.55,16.66,24.94
2021,1,5,100.59,3.7,18.19,24.85
2021,1,6,100.53,3.46,18.49,25.05
2021,1,7,100.4,3.72,17.94,25.12
2021,1,8,100.34,3.77,18.07,25.44
2021,1,9,100.43,3.81,17.21,25.19
2021,1,10,100.48,4.28,17.4,25.21
2021,1,11,100.58,4.53,17.7,25.26
2021,1,12,100.6,5.05,17.09,25.31
2021,1,13,100.63,4.46,16.54,25.21
2021,1,14,100.58,4.35,16.48,24.9
2021,1,15,100.57,3.96,15.56,24.55
2021,1,16,100.52,3.05,14.16,23.98
2021,1,17,100.62,3.47,14.04,23.77
2021,1,18,100.71,4.13,13.85,24.03
2021,1,19,100.67,3.88,14.28,23.99
2021,1,20,100.66,3.56,15.5,24.47
2021,1,21,100.6,2.34,16.97,25.46
2021,1,22,100.61,2.62,16.91,25.33
2021,1,23,100.67,2.66,15.56,24.61
2021,1,24,100.75,2.09,13.98,24.4
2021,1,25,100.79,2.2,13.67,24.55
2021,1,26,100.74,2.68,13.43,24.14
2021,1,27,100.77,2.23,14.1,24.1
2021,1,28,100.78,3.74,14.77,24.31
2021,1,29,100.81,3.88,14.28,24.56
2021,1,30,100.74,3.39,14.83,24.49
2021,1,31,100.8,3.93,15.14,24.3
2021,2,1,100.96,4.45,14.77,24.37
2021,2,2,100.96,4.16,15.08,24.53
2021,2,3,100.91,4.37,13.92,24.29
2021,2,4,100.91,4.04,12.94,23.76
2021,2,5,100.81,3.97,13.06,23.31
2021,2,6,100.72,3.97,12.94,23.33
2021,2,7,100.76,4.5,13.06,23.23
2021,2,8,100.84,5.09,13.31,23.78
2021,2,9,100.79,4.34,12.94,23.41
2021,2,10,100.72,3.1,12.63,22.96
2021,2,11,100.67,2.86,12.39,23.05
2021,2,12,100.76,2.6,12.39,23.28
2021,2,13,100.81,2.75,12.63,23.5
2021,2,14,100.79,2.17,12.45,23.24
2021,2,15,100.66,2.5,12.7,23.69
2021,2,16,100.64,2.2,13.49,23.87
2021,2,17,100.63,3,14.04,24.38
2021,2,18,100.76,4.17,14.04,24.42
2021,2,19,100.76,4.34,15.2,25.13
2021,2,20,100.69,5.76,16.66,25.37
2021,2,21,100.79,5.32,16.6,25.14
2021,2,22,100.83,3.94,15.87,25.44
2021,2,23,100.7,3.02,15.26,25.12
2021,2,24,100.63,2.11,14.28,25
2021,2,25,100.58,2.02,13.67,25.21
2021,2,26,100.42,2.63,13.73,25.26
2021,2,27,100.35,3.08,14.77,25.35
2021,2,28,100.45,3.12,15.01,25.31
2021,3,1,100.7,3.01,15.01,26.05
2021,3,2,100.74,2.98,14.59,25.73
2021,3,3,100.65,2.76,13.79,25.52
2021,3,4,100.69,2.64,13.98,25.64
2021,3,5,100.77,2.23,13.98,25.56
2021,3,6,100.72,2.35,14.34,26.37
2021,3,7,100.64,2.57,15.14,26.48
2021,3,8,100.71,2.79,15.87,26.69
2021,3,9,100.78,2.73,16.11,26.8
2021,3,10,100.74,3.06,16.85,27.19
2021,3,11,100.73,3.09,15.99,27.25
2021,3,12,100.84,2.72,14.04,26.05
2021,3,13,100.78,2.69,13.85,26.75
2021,3,14,100.63,2.6,14.1,27.08
2021,3,15,100.52,2.63,14.59,27.6
2021,3,16,100.53,2.43,14.34,27.36
2021,3,17,100.45,2.65,15.2,27.66
2021,3,18,100.49,2.65,15.38,27.14
2021,3,19,100.44,2.62,14.65,27.4
2021,3,20,100.33,2.42,14.95,27.23
2021,3,21,100.3,2.59,14.65,27.81
2021,3,22,100.44,2.81,15.38,28.18
2021,3,23,100.51,2.75,15.69,28.05
2021,3,24,100.49,2.48,15.5,28.33
2021,3,25,100.4,2.64,15.62,28.5
2021,3,26,100.39,2.73,16.6,28.33
2021,3,27,100.32,2.46,16.72,29.15
2021,3,28,100.27,3.66,16.66,29.4
2021,3,29,100.23,4.04,16.66,29.76
2021,3,30,100.04,4,15.69,30.43
2021,3,31,99.88,5.02,17.46,31.29
2021,4,1,99.81,4.7,17.46,31.69
2021,4,2,99.85,4.33,17.03,32.33
2021,4,3,99.96,4.67,17.88,31.69
2021,4,4,100.13,3.41,17.52,31.44
2021,4,5,100.27,3.55,17.7,30.33
2021,4,6,100.43,3.55,17.09,29.56
2021,4,7,100.49,3.6,15.75,29.35
2021,4,8,100.31,4.42,15.62,29.06
2021,4,9,100.29,3.99,16.17,28.9
2021,4,10,100.43,3.85,16.6,29.4
2021,4,11,100.56,3.56,16.54,29.83
2021,4,12,100.59,3.35,17.21,29.76
2021,4,13,100.54,3.15,16.85,30.03
2021,4,14,100.46,3.29,17.7,29.45
2021,4,15,100.46,2.87,17.82,28.65
2021,4,16,100.37,3.2,17.09,29.59
2021,4,17,100.4,2.98,18.19,30
2021,4,18,100.47,3.19,18.13,30.25
2021,4,19,100.25,3.53,18.19,30.66
2021,4,20,100.19,3.45,18.8,30.57
2021,4,21,100.33,3.47,18.86,30.6
2021,4,22,100.34,3.84,18.01,30.39
2021,4,23,100.32,2.83,17.88,30.9
2021,4,24,100.33,2.56,18.74,29.59
2021,4,25,100.29,3.27,18.13,30.59
2021,4,26,100.27,3.8,18.25,30.48
2021,4,27,100.32,3.48,18.19,30.48
2021,4,28,100.34,3.59,18.01,30.8
2021,4,29,100.29,3.55,17.82,30.85
2021,4,30,100.22,3.52,18.13,31.04
2021,5,1,100.26,3.82,18.25,31.03
2021,5,2,100.29,3.28,18.37,30.57
2021,5,3,100.22,3.43,17.94,30.8
2021,5,4,100.19,3.49,17.33,31.12
2021,5,5,100.19,3.91,17.46,31.47
2021,5,6,100.28,3.98,17.94,31.33
2021,5,7,100.38,3.98,18.37,30.89
2021,5,8,100.3,2.94,18.01,30.34
2021,5,9,100.16,3.4,18.07,31.05
2021,5,10,100.1,4.22,18.13,31.65
2021,5,11,100.03,4.2,18.92,32.33
2021,5,12,99.92,4.22,19.41,32.48
2021,5,13,99.86,4.52,19.9,31.68
2021,5,14,99.8,5.14,19.23,31.8
2021,5,15,99.8,6.51,18.43,31.14
2021,5,16,99.9,6.35,18.74,30.24
2021,5,17,100.04,4.88,18.98,30.98
2021,5,18,100.08,5.27,19.78,30.82
2021,5,19,100.02,5.02,20.2,30.37
2021,5,20,100.07,3.26,19.35,30.14
2021,5,21,100.12,5.26,18.37,28.62
2021,5,22,100.01,3.33,18.37,29.4
2021,5,23,100,3.89,18.31,30.07
2021,5,24,100.05,4.8,17.94,29.33
2021,5,25,99.85,6.04,18.49,28.57
2021,5,26,99.65,5.18,17.09,31.53
2021,5,27,99.82,5.05,16.85,30.92
2021,5,28,99.93,3.94,16.72,31.24
2021,5,29,100,3.65,17.76,31.68
2021,5,30,99.95,3.66,18.13,31.89
2021,5,31,99.83,4.32,18.37,31.56
2021,6,1,99.84,3.59,18.55,31.7
2021,6,2,99.93,2.98,18.31,31.1
2021,6,3,100.09,4.03,19.1,30.48
2021,6,4,100.23,3.45,17.64,29.31
2021,6,5,100.2,2.07,18.31,29.58
2021,6,6,100.13,2.06,17.64,29.76
2021,6,7,100.09,3.25,18.62,30.4
2021,6,8,100.02,3.72,18.19,30.19
2021,6,9,99.92,3.71,17.94,30.32
2021,6,10,99.79,3.8,17.52,30.73
2021,6,11,99.84,5.32,16.36,30.15
2021,6,12,99.84,5.71,15.5,30.51
2021,6,13,99.83,5.59,15.81,29.6
2021,6,14,99.78,6.45,15.75,29.95
2021,6,15,99.76,6.77,15.2,30.54
2021,6,16,99.86,5.83,16.3,30.86
2021,6,17,99.96,5.78,16.42,31.15
2021,6,18,100.08,5.58,15.69,30.98
2021,6,19,100.23,4.59,16.6,30.37
2021,6,20,100.22,4.16,16.48,30.51
2021,6,21,100.12,3.44,16.42,30.36
2021,6,22,100.09,3.46,18.07,29.53
2021,6,23,100.08,3.87,17.88,29.63
2021,6,24,100.1,3.38,18.43,29.91
2021,6,25,99.96,3.12,16.85,30.79
2021,6,26,99.91,3.59,16.66,31.01
2021,6,27,100.12,4.26,16.66,29.12
2021,6,28,100.09,4.03,16.85,29.35
2021,6,29,100.05,5.56,18.25,29.81
2021,6,30,99.98,4.92,19.47,30.22
2021,7,1,99.9,4.02,20.45,29.44
2021,7,2,100,2.59,20.2,29.19
2021,7,3,100.07,2.17,20.2,28.93
2021,7,4,100.06,2.92,18.98,28.55
2021,7,5,99.94,3.03,18.68,29.33
2021,7,6,99.86,3.8,19.71,29.41
2021,7,7,99.86,3.48,19.53,29.18
2021,7,8,99.88,3.41,18.98,28.67
2021,7,9,99.73,3.56,19.71,28.64
2021,7,10,99.68,3.94,18.37,27.85
2021,7,11,99.7,4.34,17.58,27.55
2021,7,12,99.72,4.8,17.21,27.49
2021,7,13,99.76,3.89,17.94,28.35
2021,7,14,99.85,3.07,18.68,28.08
2021,7,15,99.85,4.1,18.62,28.56
2021,7,16,100.04,3.91,18.92,28.84
2021,7,17,100.06,3.34,19.23,27.62
2021,7,18,99.9,4.43,19.84,27.36
2021,7,19,99.91,4.48,18.68,28.87
2021,7,20,100.08,5.03,18.86,28.72
2021,7,21,100.02,5.08,18.74,28.68
2021,7,22,99.73,6.44,18.37,27.57
2021,7,23,99.69,5.05,18.49,28.29
2021,7,24,99.81,4.38,18.92,29.23
2021,7,25,99.95,5.09,19.23,28.76
2021,7,26,99.98,4.27,18.55,28.21
2021,7,27,99.94,5.1,18.31,28.33
2021,7,28,99.97,5.47,18.13,29.61
2021,7,29,100.01,4.84,18.07,29.4
2021,7,30,100.1,4.62,18.43,29.46
2021,7,31,100.15,4.61,18.13,29.73
2021,8,1,100.07,4.02,18.13,28.94
2021,8,2,100.03,4.69,17.58,29.4
2021,8,3,100.19,4.16,17.46,29.44
2021,8,4,100.19,4.97,18.13,29.77
2021,8,5,100.04,4.38,18.55,30.08
2021,8,6,99.94,4.79,18.55,29.7
2021,8,7,100.02,3.95,19.41,29.57
2021,8,8,100.1,3.27,19.65,29.65
2021,8,9,100.12,2.88,20.02,29.76
2021,8,10,100.06,4.31,19.35,28.37
2021,8,11,100.08,3.39,19.17,27.04
2021,8,12,100.12,3.6,19.29,27.5
2021,8,13,100.04,3.07,18.8,28.27
2021,8,14,99.9,3.99,18.25,28.63
2021,8,15,99.97,4.25,17.64,28.18
2021,8,16,100.05,3.23,17.52,28.9
2021,8,17,100.09,4.55,18.25,28.96
2021,8,18,99.98,3.69,17.76,28.86
2021,8,19,99.93,3.56,17.76,29.18
2021,8,20,100.06,3.32,17.82,28.16
2021,8,21,100.31,3.76,17.94,26.1
2021,8,22,100.27,2.73,17.76,26.74
2021,8,23,100.21,4.27,18.43,27.37
2021,8,24,100.13,4.62,18.92,28.61
2021,8,25,100.01,4.22,19.23,28.65
2021,8,26,99.89,2.48,19.23,28.7
2021,8,27,99.89,2.23,19.53,26.93
2021,8,28,99.76,3.31,18.43,27.5
2021,8,29,99.74,4.25,17.64,27.1
2021,8,30,99.83,4.38,17.46,27.7
2021,8,31,100,3.09,16.91,27.87
2021,9,1,100.15,1.92,18.55,27.53
2021,9,2,100.11,3.28,18.49,27.26
2021,9,3,100.03,3.88,18.01,27.14
2021,9,4,100.01,5.12,18.68,26.37
2021,9,5,99.94,3.7,18.68,28.23
2021,9,6,99.91,4.65,17.94,27.37
2021,9,7,99.99,4.62,17.27,26.66
2021,9,8,100.1,4.16,18.68,27.55
2021,9,9,100.17,4.09,18.49,28.12
2021,9,10,100.09,3.88,18.74,28.07
2021,9,11,99.99,4.56,18.8,28.15
2021,9,12,99.88,4.62,19.17,28.08
2021,9,13,99.81,5.65,18.8,28.44
2021,9,14,99.92,4.88,19.23,28.42
2021,9,15,100.02,3.33,19.59,28.82
2021,9,16,100.03,3.28,19.35,27.99
2021,9,17,100.04,2.95,19.84,27.62
2021,9,18,100.15,2.95,19.17,28.29
2021,9,19,100.28,2.85,19.47,28.44
2021,9,20,100.19,2.38,19.78,28.69
2021,9,21,100.07,3.27,19.47,28.26
2021,9,22,99.93,3.18,18.92,28.19
2021,9,23,99.99,3.06,19.59,28.25
2021,9,24,100.08,2.48,18.74,28.12
2021,9,25,100,2.49,19.71,28.3
2021,9,26,99.82,2.6,18.92,27.3
2021,9,27,99.63,4.64,18.55,28.62
2021,9,28,99.93,4.48,18.19,27.5
2021,9,29,100.13,2.66,17.64,28.04
2021,9,30,100.23,2.17,18.43,28.15
2021,10,1,100.21,2.27,19.23,28.04
2021,10,2,100.17,2.95,20.2,27.44
2021,10,3,100.16,1.94,19.47,27.94
2021,10,4,100.09,2.43,19.53,27.92
2021,10,5,100.04,3.12,20.02,27.15
2021,10,6,99.9,2.97,20.45,27.99
2021,10,7,100.02,3.16,19.84,27.58
2021,10,8,100.02,3.12,20.32,28.44
2021,10,9,100.17,2.04,19.78,27.3
2021,10,10,100.12,2.99,19.29,27.76
2021,10,11,100.02,2.19,19.1,27.07
2021,10,12,100.02,2.12,18.62,27.19
2021,10,13,99.94,2.74,18.98,28.25
2021,10,14,99.9,3.36,19.53,27.8
2021,10,15,99.68,2.23,19.9,28.15
2021,10,16,99.66,3.36,20.2,27.82
2021,10,17,99.78,2.55,20.63,28.06
2021,10,18,100.04,3.16,19.41,28.08
2021,10,19,100.33,2.53,19.29,27.66
2021,10,20,100.52,1.77,18.8,27.5
2021,10,21,100.56,1.41,18.92,27.36
2021,10,22,100.6,1.67,18.92,27.33
2021,10,23,100.64,2.07,19.17,27.19
2021,10,24,100.63,2.08,17.94,27.63
2021,10,25,100.48,3.75,18.43,26.62
2021,10,26,100.39,3.42,17.82,27.14
2021,10,27,100.4,4.13,17.88,26.86
2021,10,28,100.4,5.46,17.64,26.41
2021,10,29,100.53,3.23,18.86,26.72
2021,10,30,100.61,3.62,19.29,26.48
2021,10,31,100.53,4.23,19.35,26.98
2021,11,1,100.48,3.88,19.17,26.41
2021,11,2,100.51,3.88,18.62,26.41
2021,11,3,100.51,3.17,18.62,25.71
2021,11,4,100.45,3.66,18.98,25.87
2021,11,5,100.4,2.92,18.55,25.94
2021,11,6,100.25,2.84,19.04,26.12
2021,11,7,100.24,3.2,19.23,26.64
2021,11,8,100.35,5.45,18.98,26.05
2021,11,9,100.41,5.88,17.88,25.26
2021,11,10,100.24,8.09,17.33,24.09
2021,11,11,99.66,8.96,18.55,24.83
2021,11,12,99.92,5.79,18.49,26.12
2021,11,13,100.18,1.69,19.04,26.85
2021,11,14,100.19,2.14,19.04,26.52
2021,11,15,100.09,2.14,18.98,26.58
2021,11,16,100.12,1.91,19.1,26.83
2021,11,17,100.31,3.43,19.53,26.46
2021,11,18,99.85,8.82,20.57,26.51
2021,11,19,99.79,7.25,19.84,26.73
2021,11,20,100.02,5.24,19.96,26.9
2021,11,21,100.34,2.35,19.29,26.66
2021,11,22,100.45,2.88,19.23,26.3
2021,11,23,100.41,3.55,19.29,26.65
2021,11,24,100.42,3.81,18.86,26.33
2021,11,25,100.42,5.55,19.1,26.46
2021,11,26,100.42,6.4,19.1,26.09
2021,11,27,100.44,5.53,19.35,25.83
2021,11,28,100.54,4.05,18.98,25.53
2021,11,29,100.64,2.51,18.62,25.44
2021,11,30,100.58,4.65,19.29,26.06
2021,12,1,100.57,4.89,18.25,26.09
2021,12,2,100.58,4.51,16.24,24.96
2021,12,3,100.54,4.38,17.21,24.44
2021,12,4,100.51,2.28,17.09,26.01
2021,12,5,100.52,1.82,17.76,26.58
2021,12,6,100.52,2.18,18.31,26.55
2021,12,7,100.59,3.45,17.7,25.87
2021,12,8,100.61,3.77,17.94,25.65
2021,12,9,100.72,4.15,17.88,25.83
2021,12,10,100.82,4.43,17.4,25.76
2021,12,11,100.78,5.23,17.76,25.88
2021,12,12,100.8,5.16,17.64,25.7
2021,12,13,100.69,5.71,17.58,25.99
2021,12,14,100.66,5.49,16.85,25.32
2021,12,15,100.71,5.48,16.3,24.97
2021,12,16,100.8,5.58,15.62,24.66
2021,12,17,100.87,5.12,15.32,24.2
2021,12,18,100.82,5.38,14.71,23.89
2021,12,19,100.92,5.18,13.98,23.5
2021,12,20,100.92,4.33,13.67,23.58
2021,12,21,100.94,3.32,13.12,23.25
2021,12,22,100.82,2.51,12.57,22.74
2021,12,23,100.77,2.45,12.08,22.4
2021,12,24,100.78,2,13,23.46
2021,12,25,100.81,2.19,13.24,23.62
2021,12,26,100.94,2.2,14.22,23.94
2021,12,27,100.97,2.86,14.59,24.25
2021,12,28,100.9,3.62,15.08,24
2021,12,29,100.82,3.45,14.89,24.37
2021,12,30,100.9,5.18,16.6,24.55
2021,12,31,100.97,6.2,17.4,25.22
2022,1,1,101.01,6.15,17.03,25.03
2022,1,2,100.94,5.05,15.99,24.62
2022,1,3,100.89,4.38,15.32,24.37
2022,1,4,100.94,4.58,14.47,23.37
2022,1,5,100.9,3.3,14.53,23.6
2022,1,6,100.82,3.59,15.44,23.94
2022,1,7,100.84,3.53,15.69,24.15
2022,1,8,100.86,3.81,15.2,24.29
2022,1,9,100.71,2.83,15.2,24.23
2022,1,10,100.7,2.54,15.56,24.65
2022,1,11,100.68,2.96,15.69,25.14
2022,1,12,100.64,2.82,16.11,25.29
2022,1,13,100.57,2.81,16.66,25.62
2022,1,14,100.54,2.48,17.21,25.84
2022,1,15,100.65,2.88,17.03,25.44
2022,1,16,100.83,4.62,16.78,25.15
2022,1,17,100.98,4.89,15.93,25.03
2022,1,18,100.93,4.22,15.14,24.18
2022,1,19,100.76,3.51,14.04,23.85
2022,1,20,100.56,1.87,13.12,23.8
2022,1,21,100.54,2.45,14.34,24.17
2022,1,22,100.37,2.81,15.75,25.01
2022,1,23,100.37,3.27,16.97,25.48
2022,1,24,100.36,2.88,16.66,25.37
2022,1,25,100.41,2.65,15.99,25.15
2022,1,26,100.48,2.3,15.44,24.8
2022,1,27,100.56,3.37,14.89,24.84
2022,1,28,100.71,4.99,15.75,24.43
2022,1,29,100.79,5.65,15.69,24.65
2022,1,30,100.68,3.65,15.69,24.52
2022,1,31,100.6,2.48,15.81,24.98
2022,2,1,100.56,2.26,13.79,24.13
2022,2,2,100.63,1.96,12.88,23.62
2022,2,3,100.56,2.26,13.49,23.79
2022,2,4,100.4,2.83,15.08,25.02
2022,2,5,100.52,2.95,16.36,25.45
2022,2,6,100.79,3.52,15.26,25.08
2022,2,7,100.81,3.55,14.1,24.4
2022,2,8,100.7,3.63,13.85,23.98
2022,2,9,100.69,4.07,13.67,23.72
2022,2,10,100.64,4.12,14.16,24.2
2022,2,11,100.64,4.55,14.65,24.9
2022,2,12,100.6,4.62,14.89,25.15
2022,2,13,100.52,4.02,15.14,24.62
2022,2,14,100.54,4.22,14.28,24.73
2022,2,15,100.52,4.05,13.24,24.13
2022,2,16,100.32,3.62,13.24,24.33
2022,2,17,100.24,3.12,13.85,24.73
2022,2,18,100.42,3.84,14.71,25.13
2022,2,19,100.64,3.54,14.71,25.37
2022,2,20,100.52,2.58,14.77,25.9
2022,2,21,100.37,2.91,15.44,26.3
2022,2,22,100.58,2.94,16.11,26.59
2022,2,23,100.85,3.69,15.38,25.98
2022,2,24,100.93,3.05,13.92,25.46
2022,2,25,100.86,3.58,13.43,24.43
2022,2,26,100.86,3.69,14.83,25.33
2022,2,27,100.86,3.96,14.47,25.73
2022,2,28,100.78,3.35,13.98,26.06
2022,3,1,100.76,3.79,13.31,26.31
2022,3,2,100.72,4.01,13.37,25.89
2022,3,3,100.66,4.48,15.14,26
2022,3,4,100.62,5.53,15.5,26.87
2022,3,5,100.55,4.91,15.38,26.68
2022,3,6,100.51,5.36,15.32,26.69
2022,3,7,100.57,3.8,15.69,27.01
2022,3,8,100.57,2.64,14.83,27.15
2022,3,9,100.49,2.78,13.73,27.19
2022,3,10,100.47,3.11,14.04,26.85
2022,3,11,100.43,3.2,13.92,26.67
2022,3,12,100.36,2.96,13.37,26.85
2022,3,13,100.41,2.92,14.04,27.08
2022,3,14,100.42,2.72,14.16,27.77
2022,3,15,100.27,2.6,13.67,27.68
2022,3,16,100.16,3.12,12.7,28.08
2022,3,17,100.13,3.34,13.98,28.36
2022,3,18,100.11,3.55,15.26,28.51
2022,3,19,100.07,3.26,16.54,29
2022,3,20,100,2.44,17.21,30.19
2022,3,21,100.04,2.98,17.03,30.8
2022,3,22,100.08,2.87,16.78,30.41
2022,3,23,100.11,3.2,18.55,30.09
2022,3,24,100.15,3.6,18.25,29.76
2022,3,25,100.26,3.66,17.52,29.46
2022,3,26,100.45,3.83,17.27,29.66
2022,3,27,100.45,4.19,17.7,29.98
2022,3,28,100.4,4.59,18.13,30.17
2022,3,29,100.26,4.89,18.19,30.23
2022,3,30,100.21,5.47,17.88,30.4
2022,3,31,100.26,5.18,18.49,30.23
2022,4,1,100.33,5.34,18.62,29.6
2022,4,2,100.43,4.52,17.46,29.99
2022,4,3,100.38,4.28,17.21,29.8
2022,4,4,100.46,4.13,17.21,29.69
2022,4,5,100.62,3.59,15.75,29.78
2022,4,6,100.61,2.94,16.54,29.49
2022,4,7,100.48,3.2,16.66,29.98
2022,4,8,100.41,2.88,16.91,29.98
2022,4,9,100.31,2.79,17.15,29.9
2022,4,10,100.25,2.91,17.27,29.9
2022,4,11,100.17,2.62,17.76,29.78
2022,4,12,100.11,2.34,18.49,29.12
2022,4,13,100.07,2.58,18.55,29.59
2022,4,14,100.12,3.79,17.82,30.35
2022,4,15,100.03,4.66,17.15,31.24
2022,4,16,99.92,4.72,18.86,31.33
2022,4,17,100.02,3.41,18.92,31.29
2022,4,18,100.2,2.69,18.19,30.48
2022,4,19,100.32,3.19,18.25,30.64
2022,4,20,100.2,3.59,18.49,30.62
2022,4,21,100.17,4.66,18.86,30.3
2022,4,22,100.29,3.92,17.52,30.9
2022,4,23,100.33,3.8,17.58,30.28
2022,4,24,100.16,3.46,16.24,31.79
2022,4,25,100.08,4.65,17.27,31.23
2022,4,26,100.14,4.8,17.7,31.01
2022,4,27,100.13,4.34,17.94,31.26
2022,4,28,100.19,4.52,18.49,31.23
2022,4,29,100.15,4.23,18.49,31.47
2022,4,30,99.96,4.21,18.13,32.25
2022,5,1,99.86,4.52,19.71,31.53
2022,5,2,99.85,3.62,19.41,31.16
2022,5,3,99.97,3.72,20.32,30.69
2022,5,4,100.11,3.2,20.14,30.28
2022,5,5,100.03,2.5,18.62,30.56
2022,5,6,99.98,3.79,17.58,31.06
2022,5,7,99.89,2.77,18.49,30.73
2022,5,8,99.72,2.91,18.55,31.12
2022,5,9,99.58,2.18,18.74,30.63
2022,5,10,99.44,4.38,17.88,29.79
2022,5,11,99.46,6.2,17.4,30.39
2022,5,12,99.68,5.99,18.92,29.95
2022,5,13,99.7,4.74,18.86,28.94
2022,5,14,99.75,3.59,19.41,30.42
2022,5,15,99.86,4.66,20.45,28.6
2022,5,16,99.85,2.66,20.57,29.29
2022,5,17,99.79,3.37,20.14,29.08
2022,5,18,99.79,3.65,20.32,29.3
2022,5,19,99.85,5.7,19.29,29.28
2022,5,20,100.01,5.42,16.72,28.44
2022,5,21,99.83,4.9,16.91,30.58
2022,5,22,99.65,4.79,17.09,31.38
2022,5,23,99.6,4.57,17.58,31.94
2022,5,24,99.86,3.73,18.68,32.05
2022,5,25,100.07,3.8,19.41,31.23
2022,5,26,100.09,3.66,19.78,30.34
2022,5,27,100.04,4.34,18.01,30.33
2022,5,28,99.92,3.71,17.82,30.67
2022,5,29,99.89,3.89,17.03,30.83
2022,5,30,99.81,4.23,17.15,31.02
2022,5,31,99.76,3.78,18.25,31
2022,6,1,99.76,2.98,17.76,31.01
2022,6,2,99.78,2.48,17.64,31
2022,6,3,99.76,3.77,18.31,31.22
2022,6,4,99.9,3.62,16.3,29.71
2022,6,5,99.86,2.79,16.91,30.59
2022,6,6,99.94,3.26,18.55,29.17
2022,6,7,99.9,5.07,18.25,29.96
2022,6,8,99.86,4.07,17.94,30.65
2022,6,9,99.85,4.77,17.58,30.33
2022,6,10,99.89,4.16,17.64,30.45
2022,6,11,99.98,3.14,17.21,30.27
2022,6,12,100.01,3.15,16.24,30.69
2022,6,13,100.06,3.51,17.64,30.58
2022,6,14,99.99,3.23,18.25,30.66
2022,6,15,99.96,3.62,18.31,29.77
2022,6,16,100,2.23,18.98,28.98
2022,6,17,100.01,3.83,18.55,29.22
2022,6,18,100.02,4.6,18.13,29.32
2022,6,19,100.03,3.88,19.35,28.87
2022,6,20,99.92,3.19,18.92,28.7
2022,6,21,99.78,3.36,18.86,28.77
2022,6,22,99.97,2.59,18.37,28.39
2022,6,23,100.05,3.2,18.49,28.65
2022,6,24,99.95,3.88,18.74,28.98
2022,6,25,99.74,4.29,17.82,28.63
2022,6,26,99.81,3.82,17.94,28.94
2022,6,27,99.98,2.84,17.64,29.62
2022,6,28,99.93,2.66,18.01,30.28
2022,6,29,99.75,2.89,18.86,30.59
2022,6,30,99.74,3.38,19.47,30.01
2022,7,1,99.73,3.72,18.92,29.98
2022,7,2,99.67,4.1,18.8,29.85
2022,7,3,99.67,3.25,19.04,29.55
2022,7,4,99.7,4.66,18.07,29.68
2022,7,5,99.68,4.17,18.07,28.93
2022,7,6,99.83,3.42,18.07,28.77
2022,7,7,100,4.71,17.76,28.58
2022,7,8,99.9,4.54,17.7,28.96
2022,7,9,99.71,5.12,17.7,29.07
2022,7,10,99.75,5.55,17.46,29.1
2022,7,11,99.89,6.34,17.21,29.26
2022,7,12,99.85,6.66,16.85,29.38
2022,7,13,99.65,7.17,16.91,29.21
2022,7,14,99.58,7.55,16.11,29.51
2022,7,15,99.7,5.91,16.66,29.92
2022,7,16,99.81,4.52,18.37,29.97
2022,7,17,99.9,3.56,19.23,29.51
2022,7,18,100.02,3.56,18.01,28.48
2022,7,19,99.99,2.7,18.62,29.51
2022,7,20,100,2.82,19.78,28.94
2022,7,21,99.96,2.83,19.53,28.65
2022,7,22,100.02,2.27,19.47,27.11
2022,7,23,99.92,2.75,18.25,28.68
2022,7,24,99.93,2.91,17.94,28.71
2022,7,25,100.04,2.98,18.13,28.45
2022,7,26,100.15,2.33,18.86,27.11
2022,7,27,100.1,2.16,18.68,27.76
2022,7,28,100.17,1.68,18.62,28.1
2022,7,29,100.15,1.71,18.68,28.49
2022,7,30,100,3.01,18.86,29.21
2022,7,31,99.82,3.03,19.53,28.87
2022,8,1,99.71,2.09,19.47,29.2
2022,8,2,99.62,2.28,18.8,29.35
2022,8,3,99.68,1.96,18.8,27.64
2022,8,4,99.7,2.92,18.49,27.69
2022,8,5,99.72,5.16,18.74,28.33
2022,8,6,99.7,5.16,18.62,27.99
2022,8,7,99.63,5.71,18.55,28.11
2022,8,8,99.58,6.45,18.43,28.31
2022,8,9,99.61,6.66,17.64,28.67
2022,8,10,99.65,6.52,17.03,28.9
2022,8,11,99.81,5.41,17.58,29.22
2022,8,12,99.91,4.36,18.01,29.83
2022,8,13,99.96,3.8,17.76,29.28
2022,8,14,99.99,3.67,16.78,29.8
2022,8,15,100.14,3,17.64,29.36
2022,8,16,100.19,3.52,19.23,28.55
2022,8,17,100.19,3.85,19.41,27.3
2022,8,18,100.05,3.16,18.74,28
2022,8,19,100.01,3.54,18.31,27.74
2022,8,20,99.98,3.62,18.37,29.32
2022,8,21,99.91,4.09,18.49,29.3
2022,8,22,99.88,4.42,19.29,29.01
2022,8,23,99.88,3.45,18.8,29.32
2022,8,24,100.07,3.3,18.49,27.76
2022,8,25,100,2.48,18.92,28.38
2022,8,26,99.99,2.34,18.92,27.12
2022,8,27,99.95,2.84,18.86,27.81
2022,8,28,99.93,2.4,19.23,28.01
2022,8,29,100.05,1.57,19.29,27.93
2022,8,30,100.1,2.02,18.98,28.09
2022,8,31,100.08,1.37,18.31,27.45
2022,9,1,100.08,1.2,17.88,27.51
2022,9,2,100.17,1.91,18.55,27.39
2022,9,3,100.1,2.09,19.1,28.13
2022,9,4,100.04,2.4,20.14,28.06
2022,9,5,100.02,2.62,20.02,28.31
2022,9,6,100.01,2.53,19.47,28.18
2022,9,7,100.05,2.6,18.37,27.52
2022,9,8,100.01,2.53,18.68,26.86
2022,9,9,99.89,3.34,19.59,28.32
2022,9,10,99.87,4.48,19.59,28.27
2022,9,11,99.86,5.34,18.98,28.06
2022,9,12,99.88,5.2,18.92,27.93
2022,9,13,100.12,4.38,18.86,28.29
2022,9,14,100.32,3.59,19.41,28.57
2022,9,15,100.38,3.32,18.37,27.12
2022,9,16,100.17,2.76,18.62,28.15
2022,9,17,100.12,2.8,19.1,28.64
2022,9,18,100.15,3.26,19.04,28.64
2022,9,19,100.13,3.46,18.55,27.82
2022,9,20,100.1,3.69,16.91,28.01
2022,9,21,100.09,3.12,16.24,27.97
2022,9,22,100.14,2.48,17.7,28.76
2022,9,23,100.2,3.07,16.6,28.48
2022,9,24,100.15,3.23,17.82,28.92
2022,9,25,100.07,2.73,18.25,28.65
2022,9,26,100.13,1.8,19.04,29.05
2022,9,27,100.05,1.94,19.1,28.27
2022,9,28,99.96,3.13,19.23,26.83
2022,9,29,99.95,3.21,18.55,27.51
2022,9,30,100,3.7,18.55,26.9
2022,10,1,99.97,6.66,17.76,26.05
2022,10,2,99.96,5.08,17.4,27.05
2022,10,3,99.89,4.1,18.19,27.96
2022,10,4,99.94,3.31,18.62,27.07
2022,10,5,99.92,2.82,18.55,26.19
2022,10,6,99.95,2,18.55,26.75
2022,10,7,100.1,1.88,18.25,27.3
2022,10,8,100.19,2.45,18.86,27.51
2022,10,9,100.25,3.02,19.35,27.17
2022,10,10,100.37,3.38,19.29,27.3
2022,10,11,100.36,4.23,19.47,27.46
2022,10,12,100.37,2.42,19.23,27.44
2022,10,13,100.32,1.94,18.8,27.48
2022,10,14,100.2,2.03,18.62,27.59
2022,10,15,100.11,2.66,18.86,27.18
2022,10,16,100.36,2.73,19.23,27.4
2022,10,17,100.5,2.52,19.23,27.86
2022,10,18,100.45,1.91,18.8,27.65
2022,10,19,100.38,2.44,18.55,27.68
2022,10,20,100.43,2.8,19.35,27.17
2022,10,21,100.56,3.34,19.29,27.25
2022,10,22,100.57,4.41,19.65,27.3
2022,10,23,100.46,4.48,17.27,27.44
2022,10,24,100.34,3.62,13.61,26.14
2022,10,25,100.44,2.9,13.37,26.1
2022,10,26,100.6,3.7,13.79,26.31
2022,10,27,100.57,4.17,16.11,26.44
2022,10,28,100.45,4.6,18.13,26.62
2022,10,29,100.46,5.02,17.88,27.01
2022,10,30,100.46,5.37,18.01,26.81
2022,10,31,100.44,4.47,18.68,25.7
2022,11,1,100.58,3.23,17.64,25.65
2022,11,2,100.5,3.93,18.19,25.63
2022,11,3,100.51,3.68,17.76,25.66
2022,11,4,100.67,2.78,17.4,25.8
2022,11,5,100.77,3.7,18.25,26.43
2022,11,6,100.78,4.83,17.76,26.37
2022,11,7,100.7,4.45,17.88,26.05
2022,11,8,100.69,4.8,18.07,26.05
2022,11,9,100.63,4.82,17.88,26.32
2022,11,10,100.54,6.08,17.7,26.27
2022,11,11,100.39,7.4,19.17,26.09
2022,11,12,100.5,4.6,18.98,26.44
2022,11,13,100.6,3,18.37,25.77
2022,11,14,100.65,4.28,18.31,26.26
2022,11,15,100.67,4.23,17.27,25.97
2022,11,16,100.58,4.25,15.5,24.62
2022,11,17,100.52,5.12,14.28,24.14
2022,11,18,100.58,5.4,14.59,24.48
2022,11,19,100.54,5.9,14.47,24.13
2022,11,20,100.4,6.15,13.85,23.07
2022,11,21,100.3,5.24,16.78,23.62
2022,11,22,100.29,4.51,18.74,25.39
2022,11,23,100.35,2.88,19.23,26.18
2022,11,24,100.51,2.75,18.25,25.91
2022,11,25,100.62,2.64,17.64,25.54
2022,11,26,100.51,2.41,17.58,25.84
2022,11,27,100.34,1.8,17.58,25.96
2022,11,28,100.39,2.63,16.72,25.71
2022,11,29,100.53,3.82,14.95,24.69
2022,11,30,100.58,3.48,16.11,24.64
2022,12,1,100.52,3.47,18.13,25.97
2022,12,2,100.49,3.13,17.58,26.08
2022,12,3,100.51,4.21,18.19,26.05
2022,12,4,100.59,4.81,17.94,25.82
2022,12,5,100.64,4.34,17.21,25.87
2022,12,6,100.55,5.07,16.05,25.37
2022,12,7,100.44,6.2,14.89,23.76
2022,12,8,100.23,9.05,13.98,22.52
2022,12,9,99.85,9.84,16.66,23.96
2022,12,10,99.76,6.76,17.94,25.03
2022,12,11,100.3,4.95,17.7,25.37
2022,12,12,100.38,4.77,18.19,25.26
2022,12,13,100.58,3.33,17.88,25.51
2022,12,14,100.65,3.12,17.52,25.36
2022,12,15,100.57,3,15.81,24.34
2022,12,16,100.5,3.38,15.99,24.39
2022,12,17,100.56,3.81,16.85,25.2
2022,12,18,100.53,5.41,15.99,24.86
2022,12,19,100.45,5.29,15.32,23.98
2022,12,20,100.41,5.55,15.5,24.22
2022,12,21,100.43,5.6,16.42,24.31
2022,12,22,100.44,5.8,15.81,24.32
2022,12,23,100.39,5.78,17.15,24.62
2022,12,24,100.46,6.27,17.64,25.33
2022,12,25,100.53,5.09,18.55,25.87
2022,12,26,100.74,3.76,18.19,25.58
2022,12,27,100.87,3.07,17.64,25.09
2022,12,28,100.96,2.43,16.97,25.58
2022,12,29,101.07,1.94,16.42,25.27
2022,12,30,101.12,1.8,15.38,25.01
2022,12,31,101.06,1.73,14.95,24.7
2023,1,1,100,2,15,25
